Study Hours,Attendance (%),Sleep Hours,Extracurricular,Previous GPA,Internet Usage (hrs/day),Final Score
4.18,92.88,8.24,1,6.17,2.76,100.0
3.48,80.15,6.05,0,5.44,2.45,92.76
2.8,67.64,7.44,0,7.55,3.53,89.5
2.47,92.54,6.45,1,7.57,2.42,100.0
4.04,87.31,6.72,0,6.67,3.85,100.0
1.58,85.38,4.0,0,7.13,2.54,74.8
2.03,87.16,6.67,1,5.58,3.06,77.64
2.6,100.0,8.45,1,7.08,1.68,100.0
4.24,100.0,6.05,0,5.32,2.01,100.0
3.38,73.13,7.08,1,6.0,2.91,97.76
2.03,96.24,5.87,0,5.45,3.61,83.45
2.69,83.83,7.54,1,5.09,2.73,78.02
2.39,84.99,6.68,0,4.62,1.92,85.73
2.29,63.08,5.59,0,6.94,3.38,87.85
3.98,78.3,9.0,1,8.62,0.0,100.0
1.63,71.87,8.39,0,8.34,0.58,97.6
4.61,88.28,6.09,0,3.49,2.68,99.33
3.83,90.71,7.75,1,8.58,2.01,100.0
4.09,59.26,7.81,0,5.36,2.61,94.21
2.54,79.78,7.96,0,7.2,2.06,88.47
2.85,91.22,4.46,0,4.19,2.57,78.7
1.57,78.13,8.51,1,6.28,1.19,88.48
2.48,87.29,6.15,1,6.63,2.57,93.24
3.49,83.51,6.46,1,3.03,2.99,86.41
4.3,83.42,10.0,1,7.22,3.22,100.0
1.89,77.29,7.45,1,8.69,4.01,87.78
2.63,67.83,6.42,0,5.65,2.24,90.53
2.85,68.78,4.0,0,8.72,2.27,93.15
1.6,87.09,9.08,0,5.62,0.48,88.01
3.59,80.19,4.98,1,7.7,1.47,100.0
2.28,78.61,5.49,0,1.56,1.81,55.62
2.8,75.76,6.5,1,10.0,3.05,100.0
2.55,76.95,9.12,0,8.99,1.39,100.0
2.21,90.47,8.16,1,5.43,2.8,80.7
2.99,76.65,6.76,0,2.06,2.0,68.48
2.78,66.59,7.46,0,6.58,1.82,80.15
2.63,87.44,6.1,1,3.11,2.25,72.27
2.27,77.95,7.21,0,6.89,1.61,85.3
3.32,80.31,7.11,0,6.82,1.57,100.0
4.65,96.08,8.45,1,4.12,0.3,100.0
3.14,79.79,8.45,0,8.24,1.75,100.0
4.0,82.89,7.74,0,7.61,1.52,100.0
1.61,68.21,6.46,1,7.95,1.48,90.69
3.16,77.8,8.11,1,6.02,2.42,94.91
1.9,86.1,6.86,1,3.17,2.66,69.15
1.52,64.45,5.38,1,7.96,2.23,72.78
2.26,82.01,6.4,1,5.46,3.0,79.64
4.19,81.01,7.13,0,3.22,2.58,84.55
3.95,80.41,8.37,1,8.7,1.7,100.0
3.24,90.37,6.72,1,10.0,1.54,100.0
1.47,83.34,5.19,0,5.92,2.31,75.2
2.8,94.78,7.09,0,10.0,2.57,100.0
3.3,70.06,7.17,0,6.18,3.4,87.29
3.18,81.36,7.28,0,5.24,3.19,87.96
1.16,80.84,8.38,0,4.74,1.46,72.33
2.11,69.31,8.53,1,9.27,1.9,97.97
2.94,89.56,6.11,0,4.44,2.67,83.86
3.54,100.0,6.08,1,7.47,3.07,100.0
0.8,79.83,5.44,0,4.88,2.94,53.73
2.84,85.05,8.05,1,5.08,1.94,94.81
3.14,80.85,9.17,0,8.06,0.75,100.0
3.85,72.86,6.53,1,5.24,1.0,100.0
3.69,61.79,6.64,1,5.19,2.27,83.03
3.58,72.94,9.2,1,8.27,2.34,100.0
2.2,66.08,7.76,1,9.19,0.9,98.74
1.09,97.04,7.65,1,7.29,2.04,86.54
2.61,78.85,5.21,1,4.69,2.63,79.36
4.0,76.54,8.02,1,4.98,0.85,100.0
4.39,88.89,5.61,1,6.16,3.1,100.0
3.71,68.78,5.3,1,6.64,1.62,100.0
3.43,72.33,6.48,1,4.02,3.26,86.1
3.38,80.68,6.12,0,7.45,1.47,100.0
2.44,90.29,6.67,1,6.17,0.97,93.94
2.87,85.02,4.84,1,2.57,1.54,73.37
4.67,82.48,8.44,0,4.14,1.9,100.0
2.06,80.78,8.69,1,4.99,1.61,89.07
4.61,84.0,4.08,1,5.85,1.78,100.0
2.68,82.02,8.47,0,9.78,2.33,100.0
4.33,69.7,5.78,0,6.48,1.83,100.0
1.59,80.46,8.29,1,4.32,1.93,73.75
3.59,69.26,6.9,0,6.44,0.29,95.62
2.26,80.81,7.04,1,5.3,2.39,80.21
1.58,75.19,6.72,1,6.65,1.91,90.42
3.22,100.0,8.82,1,7.16,3.61,100.0
4.01,79.6,5.14,0,8.42,1.06,100.0
2.16,65.96,7.91,1,5.95,0.19,94.43
1.5,78.66,8.65,1,9.28,2.62,100.0
2.91,85.19,8.07,0,7.82,2.35,100.0
2.91,96.73,10.0,1,4.59,0.99,100.0
3.55,74.11,6.21,1,10.0,0.47,100.0
3.95,64.18,8.44,1,6.65,3.54,97.93
2.94,88.17,6.84,1,4.33,3.41,90.44
4.86,66.19,8.85,1,9.31,0.0,100.0
3.22,75.64,6.99,1,10.0,1.54,100.0
2.65,77.42,6.42,0,5.93,3.66,80.96
1.39,79.3,8.96,1,4.99,1.52,77.59
2.74,86.89,6.26,1,5.66,1.51,97.71
2.66,73.16,4.88,0,7.43,1.72,90.41
3.96,77.26,6.22,1,8.56,0.88,100.0
3.46,79.86,7.93,1,7.14,0.3,100.0
1.82,81.5,9.09,0,6.2,3.05,83.29
3.17,80.98,7.17,0,9.0,0.16,100.0
3.67,84.36,8.98,0,5.37,2.25,100.0
4.53,88.44,4.96,0,8.06,2.89,100.0
3.89,83.93,6.34,0,5.42,0.55,100.0
3.76,84.54,6.57,0,6.86,1.08,100.0
3.06,64.18,6.83,0,5.77,3.21,77.38
3.39,80.5,7.13,1,5.89,2.53,93.49
4.25,84.8,8.04,1,5.25,1.38,100.0
1.67,87.29,6.33,1,8.69,3.2,90.39
2.65,73.08,7.21,0,4.53,3.21,82.26
2.23,73.41,6.93,1,4.52,2.27,77.04
3.38,74.26,5.61,0,10.0,1.1,100.0
4.23,85.36,6.83,1,7.96,1.59,100.0
2.4,90.34,6.78,1,1.23,2.29,71.27
0.61,75.93,6.75,1,4.87,1.81,65.28
2.59,89.08,7.05,1,2.38,2.94,71.83
3.91,81.23,7.11,0,4.1,0.47,96.75
3.54,78.76,6.35,0,0.0,0.51,65.42
3.43,77.89,8.91,1,5.73,2.18,100.0
2.72,87.47,5.25,0,3.72,1.51,77.79
1.72,83.26,5.92,0,6.12,1.37,77.99
3.52,100.0,10.0,1,2.75,0.23,100.0
2.17,71.48,5.44,0,6.17,2.02,72.51
5.18,85.18,4.97,0,5.17,1.95,100.0
3.57,74.71,8.1,0,9.0,2.65,100.0
2.42,71.31,4.0,0,8.82,2.07,93.07
2.39,79.89,6.65,1,7.57,1.87,95.16
2.91,81.37,10.0,1,5.35,3.18,93.94
2.76,100.0,4.68,0,9.97,0.69,100.0
4.12,78.16,4.03,1,2.89,2.54,73.95
3.19,68.7,4.75,1,3.19,0.33,77.21
2.27,82.73,8.35,1,5.83,1.16,99.96
4.89,59.25,8.69,0,10.0,0.79,100.0
3.05,79.08,6.23,0,5.6,2.78,84.72
3.77,80.16,8.02,1,5.63,1.93,99.44
2.39,87.95,9.09,1,3.12,1.99,79.66
3.36,89.74,9.68,0,7.89,0.89,100.0
3.31,74.96,6.63,1,7.91,1.7,100.0
1.11,78.49,4.0,0,7.58,1.24,77.82
5.02,72.34,5.77,1,4.74,2.38,100.0
4.29,68.72,6.36,0,4.59,1.01,90.89
2.6,83.1,6.61,0,3.41,3.33,69.56
1.9,67.26,6.72,0,6.17,0.32,81.33
3.35,75.85,8.68,0,3.84,1.19,91.48
3.09,70.05,8.91,1,3.65,3.68,74.93
3.36,85.5,6.74,0,5.15,1.56,98.34
3.19,98.01,8.65,1,5.02,0.69,100.0
3.51,66.98,7.54,0,4.92,2.22,83.25
4.45,61.47,7.1,0,6.93,1.52,100.0
3.57,78.75,8.36,1,6.16,1.16,100.0
1.95,80.16,7.11,1,5.42,0.9,97.34
4.36,82.19,10.0,1,6.37,4.77,100.0
4.64,75.54,4.84,0,4.02,1.75,100.0
6.0,77.99,6.23,0,6.21,0.07,100.0
1.88,83.68,6.81,1,6.3,3.49,75.56
3.24,90.4,7.66,0,2.99,2.61,78.57
0.92,60.45,8.9,1,7.99,1.23,79.15
3.55,76.31,6.96,0,4.24,1.07,89.0
2.45,82.14,4.87,0,6.18,2.67,78.23
4.92,70.82,8.26,0,8.33,1.75,100.0
2.23,97.31,8.13,1,7.85,0.07,100.0
1.31,73.65,4.09,0,6.07,3.79,68.48
2.53,79.59,6.99,1,5.28,1.57,91.58
1.02,85.56,4.61,1,7.9,3.5,78.75
3.75,74.09,6.0,0,7.35,3.28,99.12
0.93,61.53,5.65,1,4.76,1.0,59.44
3.03,75.71,8.21,1,4.41,3.03,79.61
0.92,90.29,7.18,0,1.86,1.35,57.71
2.68,76.63,5.07,1,6.31,0.13,87.2
4.64,71.54,8.32,1,5.83,1.58,100.0
3.36,89.26,4.85,0,8.27,2.4,100.0
2.14,76.69,7.5,0,6.72,1.54,97.85
2.97,74.9,5.78,0,8.67,1.69,100.0
3.02,81.49,6.45,1,4.61,3.14,88.66
3.47,87.71,7.76,1,8.28,2.11,100.0
1.63,100.0,7.78,0,4.94,1.16,76.45
3.59,88.27,9.01,1,7.56,2.7,100.0
0.3,91.6,6.88,0,3.08,2.2,55.85
2.37,74.94,7.46,0,6.47,0.0,93.81
2.51,69.74,6.34,0,2.03,2.43,60.38
3.63,80.62,7.27,1,5.47,2.39,100.0
3.02,81.07,7.66,1,6.88,2.02,95.28
1.59,69.21,6.85,0,4.96,2.89,62.66
2.02,78.25,4.29,0,3.9,1.33,62.69
3.2,83.99,7.5,1,7.69,2.34,100.0
2.92,83.6,7.55,0,5.79,0.43,91.61
2.42,85.04,5.98,1,5.02,2.41,78.14
2.52,82.91,5.07,0,6.08,3.95,75.24
3.7,74.93,9.21,0,10.0,1.01,100.0
2.48,74.86,7.74,1,8.31,1.24,95.13
2.91,68.01,6.66,1,8.33,1.29,100.0
5.17,97.85,5.29,1,6.87,2.13,100.0
1.58,80.13,5.77,1,6.33,0.94,82.87
1.15,77.75,8.95,1,1.21,2.42,61.2
3.78,70.71,7.21,0,4.64,2.85,94.8
2.32,100.0,6.17,0,5.04,2.53,87.04
2.68,69.27,7.76,1,2.25,0.23,76.06
2.22,75.71,5.78,1,3.69,3.0,68.01
2.74,84.16,9.25,0,2.04,2.94,76.35
4.6,86.0,9.03,0,5.92,2.83,100.0
3.8,89.58,6.3,1,7.64,2.37,100.0
3.86,98.08,6.06,1,8.21,2.22,100.0
1.58,85.06,4.0,0,6.83,3.03,68.75
1.85,69.44,4.78,1,4.07,3.92,54.66
0.16,77.43,4.99,0,2.14,1.05,42.36
2.19,83.08,7.2,0,2.49,3.08,63.96
3.96,100.0,6.51,1,3.46,1.91,89.1
3.52,66.02,4.98,0,4.22,1.87,81.27
2.78,92.03,6.58,0,5.68,0.46,100.0
2.98,81.8,7.76,0,3.97,1.72,78.9
2.31,88.38,7.79,1,6.68,1.0,100.0
3.2,78.98,4.15,0,5.54,1.54,79.31
3.77,71.58,6.81,1,6.02,0.9,100.0
1.38,87.51,4.92,0,8.28,1.55,84.64
3.3,86.54,8.35,0,3.64,1.59,89.81
3.93,89.72,8.18,0,6.84,2.1,100.0
2.58,79.87,5.65,0,5.97,0.39,89.51
3.7,74.0,5.85,0,5.33,0.55,97.05
5.81,64.41,6.31,1,7.77,2.36,100.0
2.9,88.19,4.0,1,7.76,1.2,97.78
3.39,84.24,7.5,0,4.11,3.07,80.79
2.26,70.34,6.59,1,5.64,2.23,86.06
3.18,74.61,8.46,1,6.56,2.61,98.25
3.46,75.33,5.35,0,5.45,3.41,92.65
3.19,65.17,6.07,1,7.17,1.69,93.79
1.98,71.82,4.74,1,6.56,1.43,79.19
3.21,68.66,5.49,1,9.67,2.87,100.0
4.46,75.88,5.23,1,2.94,2.51,78.89
3.45,72.61,8.49,0,5.76,1.81,90.53
3.96,63.73,5.95,1,4.18,3.39,88.87
2.76,100.0,7.19,0,7.21,1.79,96.82
3.75,92.53,6.43,0,2.77,2.03,76.75
3.28,72.21,5.1,1,6.69,2.02,100.0
2.05,82.72,6.75,0,4.74,1.07,72.34
3.32,84.17,7.9,1,4.53,2.08,93.58
2.01,91.91,5.19,0,3.11,3.4,63.72
2.37,71.81,8.21,1,5.07,2.44,67.6
3.19,90.92,5.73,1,8.17,2.03,100.0
3.3,74.52,6.28,0,5.95,1.84,94.36
1.81,66.64,7.8,1,7.26,2.33,86.75
4.05,87.24,6.0,1,9.33,2.75,100.0
3.57,92.91,7.06,1,6.53,2.61,100.0
2.3,100.0,6.53,1,4.88,1.67,90.98
1.46,68.0,7.19,0,6.93,2.32,73.66
2.86,86.99,4.0,0,4.91,2.48,72.71
2.55,75.9,4.26,0,4.99,0.99,72.31
3.11,87.83,7.92,1,2.96,2.17,76.32
2.64,65.3,8.56,0,7.85,0.0,100.0
0.99,67.37,5.63,1,5.23,2.48,54.53
2.61,72.24,6.63,1,6.36,2.66,88.27
2.69,80.79,7.44,1,3.93,2.75,78.13
3.63,73.59,8.04,0,6.87,1.6,100.0
2.3,86.59,4.0,0,4.48,2.31,79.27
4.68,90.27,5.67,0,5.72,3.42,100.0
1.09,86.0,6.5,0,7.76,3.41,81.28
4.31,96.19,8.05,1,7.58,1.97,100.0
2.78,84.16,10.0,0,5.96,2.14,95.61
3.86,67.83,6.66,0,2.46,3.11,86.75
3.08,93.63,4.89,0,10.0,0.5,100.0
4.14,73.95,7.6,0,9.49,1.68,100.0
2.61,89.1,8.98,1,7.45,3.34,100.0
1.9,95.74,7.16,0,4.49,2.98,73.2
4.42,84.57,5.64,0,5.77,2.37,100.0
2.89,65.04,8.44,0,4.91,0.49,79.09
3.22,70.82,8.0,1,8.53,1.95,100.0
4.23,93.23,5.46,0,6.53,1.41,100.0
1.97,78.31,7.57,0,4.43,2.33,75.54
3.6,80.8,8.5,0,5.06,1.19,93.34
2.41,87.59,8.77,1,8.24,0.97,100.0
2.87,86.96,6.9,1,9.2,0.0,100.0
3.07,82.79,6.46,0,9.06,3.22,100.0
1.5,77.91,8.84,0,7.51,1.6,90.77
2.22,76.87,5.18,1,5.49,2.16,77.3
4.35,88.58,7.66,1,0.0,2.0,75.96
3.89,85.54,4.94,1,6.59,0.93,100.0
2.94,77.43,8.6,1,6.0,0.74,97.12
3.24,90.82,6.61,1,6.28,0.99,92.23
2.71,78.71,8.9,0,6.11,1.28,90.97
4.36,71.48,7.74,0,3.35,2.37,83.79
2.8,72.41,5.17,0,7.11,1.2,96.14
3.23,70.21,9.14,0,7.26,3.75,98.35
4.15,77.28,9.33,1,7.36,3.03,100.0
2.22,92.34,8.32,1,7.89,2.81,97.76
4.56,71.95,5.86,1,7.21,1.88,100.0
1.47,81.88,6.54,1,5.18,3.51,67.84
4.63,73.43,7.22,1,5.86,1.78,100.0
2.63,77.4,5.94,0,6.18,1.97,90.56
2.76,64.9,9.54,0,6.22,2.17,92.37
1.11,77.79,7.22,0,8.0,2.7,83.25
2.55,78.06,4.0,0,7.29,2.64,87.89
1.96,85.4,7.51,0,10.0,1.52,100.0
2.39,82.23,6.48,1,10.0,1.47,100.0
2.86,68.02,6.89,1,6.16,2.64,89.48
3.96,90.84,6.45,1,0.0,2.72,79.52
3.21,82.1,8.21,1,8.47,1.61,100.0
3.31,81.98,8.68,1,4.92,0.41,96.11
1.9,79.91,7.42,0,4.4,1.79,68.54
2.12,74.82,6.49,0,5.2,2.62,75.68
4.8,82.18,6.94,0,5.11,3.81,91.37
2.26,84.76,7.03,1,7.22,0.8,100.0
4.66,62.53,5.8,1,2.88,1.57,88.05
2.76,74.61,7.87,1,3.84,1.61,87.75
3.0,77.45,7.69,1,6.69,3.36,90.64
4.07,82.56,9.31,0,7.25,1.97,100.0
4.27,91.93,8.88,1,7.28,1.09,100.0
2.89,72.28,5.97,0,4.43,2.56,83.89
2.61,75.02,8.23,1,4.04,1.6,79.12
2.94,74.87,5.57,0,4.99,0.78,86.57
3.34,71.98,8.04,1,6.48,1.11,100.0
3.89,76.53,6.23,1,8.97,3.73,100.0
3.0,87.71,5.47,0,1.91,2.38,68.35
3.62,69.46,7.42,0,5.56,2.11,99.74
4.64,84.28,4.0,1,3.33,1.75,83.64
3.38,62.98,4.37,0,2.7,2.29,65.95
3.31,74.39,6.73,1,7.93,2.28,100.0
1.48,76.71,7.12,1,7.09,2.29,84.93
0.37,96.75,6.45,0,6.9,2.11,80.52
3.39,77.25,4.63,1,7.84,2.87,100.0
2.91,57.99,5.77,1,5.04,2.02,77.7
2.49,60.01,7.59,0,5.13,1.02,87.14
3.24,80.34,7.87,1,10.0,1.39,100.0
2.94,86.14,6.98,1,5.51,0.02,100.0
4.13,83.75,8.74,1,7.47,4.03,100.0
3.09,81.68,7.6,1,6.01,2.86,100.0
2.25,91.62,5.88,0,2.3,1.17,70.31
3.99,74.6,6.58,0,1.91,1.72,78.18
2.78,88.95,4.9,0,4.84,1.36,76.78
3.53,63.68,6.84,1,8.11,3.54,100.0
2.52,70.95,8.67,0,7.58,0.58,94.41
2.35,61.93,8.03,0,7.83,2.11,86.97
3.08,77.25,9.1,0,4.03,1.89,80.72
3.01,79.54,6.55,1,9.23,2.83,100.0
3.48,81.14,9.02,0,4.07,1.9,91.7
2.73,80.62,6.71,0,6.43,0.24,97.69
1.16,70.72,9.21,1,5.98,1.75,74.92
2.57,78.1,6.97,1,5.65,1.03,95.56
3.79,65.03,8.06,1,8.68,2.08,100.0
2.7,93.63,9.21,1,4.59,3.43,84.25
2.75,76.96,6.71,1,3.3,0.26,82.9
3.99,75.11,7.33,1,6.04,1.2,100.0
2.29,95.89,8.93,0,5.2,1.45,92.85
1.46,67.58,6.8,0,10.0,1.62,91.78
2.84,68.74,5.02,1,7.35,2.74,81.96
2.52,69.04,10.0,1,5.18,1.83,87.2
2.03,79.32,6.3,0,3.89,2.42,70.09
2.82,84.32,7.24,1,2.24,1.37,75.15
3.49,87.4,8.73,1,3.95,2.23,85.33
2.99,100.0,6.09,0,6.23,2.78,90.64
3.31,57.51,5.49,1,8.85,1.27,100.0
4.81,86.09,7.38,1,8.24,2.78,100.0
2.66,74.43,4.31,0,6.46,2.05,79.22
3.28,74.14,6.57,0,5.35,3.05,89.16
2.49,73.8,7.37,0,6.54,1.8,83.18
2.15,70.91,6.6,0,4.96,2.38,80.69
2.42,96.85,4.68,0,9.44,1.96,100.0
2.52,88.42,9.39,1,5.62,1.9,99.67
3.36,80.23,7.16,1,5.83,2.26,87.76
5.35,93.51,9.15,1,1.57,2.54,100.0
2.28,64.87,6.61,1,5.61,0.75,83.28
2.58,66.69,5.68,1,7.67,3.43,91.53
2.94,58.22,7.4,0,3.86,0.14,85.12
3.4,73.01,6.68,1,4.5,1.32,90.09
3.26,81.62,5.23,1,7.59,1.91,98.79
4.28,81.03,9.2,1,3.05,2.41,99.45
0.57,81.49,6.07,1,8.12,3.58,73.87
0.61,65.89,4.24,1,4.94,0.14,56.27
2.5,88.03,8.99,0,5.22,1.49,86.47
4.1,82.4,6.24,1,3.75,0.0,91.55
1.43,87.33,6.09,1,6.76,2.03,79.85
0.0,61.07,4.35,1,10.0,2.27,77.72
3.57,83.11,9.61,1,7.56,3.59,100.0
3.24,68.12,5.07,1,4.27,2.12,77.35
1.91,76.03,7.09,1,8.27,3.04,94.33
2.01,85.34,8.37,0,5.37,2.58,77.4
2.03,80.91,7.63,1,8.75,1.56,100.0
3.11,71.48,6.91,0,7.61,0.59,100.0
2.37,80.06,4.45,0,0.11,2.28,54.29
3.49,64.68,5.79,1,3.99,0.51,78.47
0.15,91.5,7.28,1,7.89,3.3,70.78
2.14,77.95,5.82,1,6.3,1.84,76.27
1.87,91.19,7.31,0,3.95,3.2,69.58
2.74,74.73,8.02,1,4.73,1.52,93.06
2.46,74.76,8.44,1,2.19,2.27,67.54
3.8,72.36,5.16,1,5.82,2.21,91.94
1.14,88.76,10.0,0,10.0,1.95,100.0
3.05,72.91,8.15,0,7.61,1.57,100.0
3.56,86.45,7.0,1,10.0,2.39,100.0
4.86,76.18,8.63,0,7.76,1.07,100.0
2.52,60.24,10.0,1,8.05,0.79,97.77
3.32,74.3,4.84,0,9.95,3.24,100.0
1.2,68.21,6.66,1,6.75,2.73,84.08
0.61,80.34,4.0,0,5.63,2.07,62.72
3.84,68.1,7.29,1,8.07,3.67,94.36
2.99,89.26,7.55,1,8.91,1.73,100.0
4.18,79.09,6.94,0,5.04,3.32,97.69
1.63,78.22,6.02,0,4.56,2.18,65.92
3.52,86.56,4.0,0,6.28,0.98,100.0
4.87,89.64,7.56,0,7.66,3.85,100.0
3.42,79.8,9.18,0,7.6,2.99,100.0
3.28,72.29,6.11,1,3.15,1.88,78.96
3.01,62.26,7.66,1,9.82,2.73,100.0
1.43,73.14,4.65,0,4.72,1.6,63.42
4.36,73.83,7.69,1,5.47,2.83,99.16
2.39,81.07,6.41,1,4.19,0.0,89.88
3.5,76.55,5.86,0,10.0,0.98,100.0
1.44,86.88,5.86,1,6.48,2.98,70.48
1.82,73.87,6.41,1,4.3,1.75,61.81
4.44,79.43,7.57,0,7.73,2.21,100.0
2.65,91.84,5.03,0,7.54,0.65,92.28
4.45,83.42,6.4,1,5.62,3.85,100.0
2.92,79.4,6.94,0,7.68,3.19,99.49
1.16,73.98,5.35,1,4.35,1.8,70.3
3.89,73.67,9.69,0,5.01,1.6,100.0
2.41,71.49,5.72,0,1.98,3.03,56.83
3.7,74.59,6.0,0,3.35,3.98,66.28
3.03,87.56,5.53,0,9.62,2.95,100.0
1.46,77.78,9.7,1,9.28,4.17,93.55
3.16,66.5,7.83,0,6.13,1.08,97.87
5.2,97.68,5.6,0,9.33,1.18,100.0
3.49,83.2,8.66,1,5.68,0.81,100.0
2.94,65.93,7.3,1,5.51,2.44,78.66
4.08,75.58,7.39,1,6.11,2.18,92.78
3.21,81.11,6.48,1,5.75,1.85,89.07
3.21,97.05,5.88,0,5.57,2.81,84.53
1.91,68.92,7.51,1,8.29,3.23,90.19
3.23,89.76,6.18,0,6.3,0.47,99.12
4.04,93.99,9.73,1,7.42,1.4,100.0
2.16,73.71,5.1,0,8.06,2.82,80.88
4.42,77.22,9.3,1,6.78,1.53,100.0
2.91,69.64,6.83,0,4.06,1.2,87.87
2.11,77.97,7.45,0,3.29,3.02,61.82
4.0,79.63,8.25,1,6.3,0.71,100.0
2.71,86.6,6.05,0,5.66,1.7,81.14
3.76,90.9,8.3,0,6.17,2.33,100.0
2.71,72.52,4.0,0,5.97,1.43,83.12
2.94,60.33,5.92,0,10.0,2.78,96.86
3.49,79.79,5.61,1,3.34,1.43,82.54
3.29,82.94,5.12,0,2.02,3.41,76.29
1.0,82.49,6.68,0,6.66,1.87,75.48
1.88,76.73,7.58,1,5.25,2.67,76.28
3.93,81.25,8.05,1,6.63,2.75,100.0
2.87,95.15,7.36,1,7.17,1.37,96.2
2.48,83.82,6.0,0,8.57,0.0,100.0
1.64,76.27,7.55,0,2.99,2.36,63.87
1.92,75.0,7.19,1,4.89,2.07,81.79
0.98,78.3,8.4,0,6.86,2.56,65.46
2.9,96.37,8.17,1,7.54,1.77,100.0
2.4,78.17,7.05,0,10.0,1.57,100.0
2.03,79.8,5.65,1,7.91,4.01,85.1
2.93,75.18,6.02,0,5.89,0.53,91.04
3.36,90.99,6.18,1,4.22,2.73,87.57
5.09,99.6,6.53,0,4.87,1.43,100.0
1.49,84.51,7.4,1,4.81,1.66,71.6
4.16,80.83,8.07,0,7.31,1.68,100.0
3.97,80.37,6.92,0,6.51,1.2,100.0
2.22,56.16,7.02,0,3.35,2.57,60.56
3.2,87.45,7.21,1,5.13,3.39,98.17
2.54,81.34,6.23,0,7.76,2.47,100.0
3.19,84.28,5.61,0,6.7,2.1,100.0
4.51,72.89,4.37,0,7.14,1.01,93.24
3.61,76.16,5.96,1,6.77,2.52,100.0
3.51,75.89,7.71,0,9.25,4.16,100.0
2.57,90.22,5.95,1,6.47,1.62,100.0
1.52,76.21,6.64,0,5.23,1.62,78.76
2.79,100.0,7.7,1,4.17,1.44,99.73
4.21,84.31,7.78,1,6.5,1.51,100.0
1.47,67.24,5.38,0,1.12,0.0,58.0
1.94,78.71,8.5,1,5.63,2.41,92.97
3.13,73.48,8.69,1,5.59,1.15,98.25
2.02,58.06,5.31,0,3.27,0.39,55.51
2.21,95.99,5.76,1,4.14,2.75,75.32
2.58,87.03,8.79,1,7.62,0.92,100.0
1.63,85.33,6.78,1,6.46,1.66,85.2
2.03,81.65,4.0,1,6.2,3.47,69.14
3.7,66.18,4.9,0,6.61,0.59,89.82
1.69,75.16,6.63,1,6.19,0.47,80.55
1.4,88.42,5.26,1,8.49,2.27,92.72
2.37,69.49,6.38,0,6.25,3.15,86.99
3.73,54.68,7.05,0,3.08,0.43,86.55
2.8,77.73,9.19,1,9.26,2.41,100.0
2.54,78.58,6.56,0,6.74,2.58,87.61
3.04,81.36,8.61,0,4.82,0.0,87.46
1.25,87.29,9.14,0,3.49,2.8,63.81
3.49,86.38,9.15,0,6.79,2.88,100.0
3.38,82.59,7.43,0,5.77,1.69,94.74
2.59,91.96,4.06,0,9.15,3.25,97.86
4.01,64.81,7.69,0,5.31,3.14,94.22
1.87,85.05,8.57,0,4.33,2.1,80.97
4.13,86.27,6.88,0,7.79,1.55,100.0
3.15,67.6,9.62,1,7.85,1.03,99.71
2.66,64.97,8.29,1,6.34,1.96,88.09
2.98,72.54,7.85,1,7.35,2.57,98.54
2.89,73.38,8.63,1,5.92,1.68,100.0
4.22,87.53,7.5,1,6.47,0.0,100.0
1.92,73.85,4.0,0,8.33,3.27,83.8
2.24,71.44,6.25,0,7.25,2.19,87.44
4.04,73.88,8.8,1,5.66,1.62,100.0
2.4,91.19,5.79,1,8.7,2.86,100.0
3.9,80.13,6.66,0,1.27,3.52,68.85
4.7,78.21,5.43,1,10.0,0.0,100.0
2.6,78.9,9.68,0,2.59,2.43,74.58
3.68,92.92,9.52,1,4.75,0.57,100.0
1.85,72.51,5.67,0,5.92,2.5,76.2
3.75,93.16,7.22,1,5.71,2.13,100.0
3.2,82.1,5.98,0,8.01,2.64,100.0
3.47,78.4,7.92,1,3.88,1.5,90.51
2.35,100.0,7.76,1,6.52,0.13,100.0
1.34,69.44,8.22,0,4.84,1.55,67.93
3.5,76.46,7.5,0,6.59,2.41,97.0
0.94,67.68,10.0,1,5.87,3.02,72.45
2.68,89.52,5.46,1,6.19,0.83,96.06
3.94,96.89,4.43,0,4.9,3.03,92.75
3.19,96.7,6.41,0,4.98,1.35,100.0
4.95,92.24,4.65,0,6.57,2.36,100.0
4.03,78.02,4.76,1,7.89,1.49,100.0
2.35,76.35,5.5,1,4.8,2.18,68.96
3.03,63.29,5.62,0,4.26,2.89,74.99
2.95,100.0,5.57,1,7.23,0.77,100.0
1.42,84.69,7.78,1,5.93,1.32,81.46
2.06,75.08,6.24,0,7.66,2.18,85.49
2.44,93.28,6.73,1,4.19,4.4,76.98
0.96,70.27,8.34,0,2.44,1.14,53.43
3.05,84.07,5.85,0,4.93,4.04,76.97
2.75,78.27,6.6,1,4.47,4.0,83.7
1.33,86.39,7.55,1,5.84,1.9,81.21
3.4,79.36,4.09,0,4.73,1.7,81.75
3.72,65.49,4.0,0,7.48,1.31,97.04
3.23,80.76,7.52,0,5.42,1.93,100.0
2.68,90.49,7.74,1,6.3,0.59,99.93
3.59,79.71,10.0,0,6.32,1.92,100.0
3.68,87.75,7.24,0,6.39,3.5,95.64
3.31,69.54,8.23,0,5.95,1.39,93.24
2.18,79.74,6.71,0,7.02,1.76,85.94
3.28,73.75,7.45,1,4.41,0.3,86.53
4.2,87.47,9.5,1,8.8,2.37,100.0
2.4,80.31,4.0,0,5.53,2.26,72.82
5.1,86.9,7.62,1,3.38,2.06,100.0
2.47,90.88,10.0,1,6.38,1.78,98.63
3.03,86.92,7.42,1,4.3,1.71,88.58
2.33,82.73,9.48,0,7.33,2.5,100.0
3.22,70.02,6.06,1,10.0,1.97,100.0
1.26,79.97,6.95,1,4.43,2.31,66.25
2.45,74.67,7.05,0,6.66,2.21,84.57
1.91,76.56,4.0,0,2.49,3.12,48.8
3.14,76.25,5.25,1,6.91,2.68,96.7
3.99,70.2,5.35,1,4.23,2.19,87.25
3.65,60.43,8.23,0,4.75,3.52,82.32
0.63,73.32,8.31,0,3.8,2.42,52.55
5.04,81.93,7.49,0,7.46,3.3,100.0
3.3,66.52,8.24,0,8.01,2.61,100.0
2.22,80.16,6.75,1,6.05,0.16,84.97
3.16,99.0,8.8,0,4.27,3.3,95.29
3.18,90.23,7.01,1,9.18,2.14,100.0
2.33,96.44,7.09,1,4.5,1.95,84.34
3.2,83.91,6.6,1,1.68,2.28,67.21
2.39,91.68,8.03,0,6.92,1.66,97.04
2.6,72.76,6.37,0,3.79,2.23,71.15
2.31,73.56,8.46,1,7.98,1.41,99.54
1.57,52.61,5.3,1,5.24,3.27,67.78
3.15,91.86,5.35,1,7.21,1.89,100.0
3.59,95.4,8.03,1,8.8,1.62,100.0
3.51,74.47,6.87,1,3.58,1.08,84.35
3.82,77.46,6.32,0,4.87,2.27,94.59
3.32,72.46,8.34,0,5.85,2.19,100.0
2.47,83.83,6.09,0,9.08,2.39,100.0
3.84,91.25,6.7,1,4.68,0.97,100.0
1.64,62.57,9.1,1,4.81,0.4,81.3
2.1,84.09,9.31,0,6.96,2.63,98.84
2.04,77.23,9.36,0,4.85,3.48,66.27
4.08,81.13,6.58,1,6.31,0.97,100.0
3.94,84.59,8.85,0,2.9,3.59,91.13
3.49,78.12,5.58,0,10.0,2.28,100.0
4.07,78.96,5.64,0,3.3,1.99,81.8
2.12,77.86,4.0,1,5.36,1.6,72.29
3.35,89.7,9.51,1,5.94,0.62,100.0
2.87,84.19,5.7,0,9.83,2.99,100.0
3.85,82.21,6.81,1,3.35,1.22,93.04
2.88,67.29,5.63,0,9.97,1.22,100.0
2.62,76.21,8.04,0,7.51,2.99,99.1
3.54,88.99,6.44,1,6.83,0.12,100.0
3.88,80.38,5.04,1,4.03,0.48,89.46
2.33,86.6,7.66,1,7.14,1.98,100.0
2.94,97.67,4.85,0,4.55,2.29,87.51
1.94,90.39,5.74,0,8.53,2.48,93.65
0.5,80.93,4.0,0,4.06,1.7,54.86
3.2,74.89,4.86,1,5.77,4.53,81.33
3.61,54.46,7.27,0,4.89,1.77,88.72
3.26,78.32,4.05,0,4.02,1.77,77.36
1.05,76.74,4.78,0,7.48,1.2,78.23
2.65,83.9,7.0,0,7.07,2.12,87.09
0.78,78.46,6.18,1,8.42,2.61,76.53
4.37,76.8,9.99,1,2.44,3.2,87.92
1.91,62.21,9.75,1,8.13,0.51,96.54
4.26,70.6,5.7,0,10.0,1.75,100.0
3.95,84.77,7.84,0,5.1,2.45,96.04
2.1,97.16,8.12,0,9.79,2.59,100.0
1.87,79.02,6.1,1,5.47,2.01,80.68
3.35,83.28,4.76,1,3.26,2.54,78.24
2.16,89.52,6.98,1,5.39,1.19,79.22
3.1,71.89,6.74,1,8.1,3.56,93.71
2.52,83.67,6.35,1,4.32,2.99,79.29
1.22,72.6,7.66,0,4.8,0.66,68.61
0.77,88.65,5.87,1,7.19,0.92,77.71
3.23,81.51,5.27,1,6.01,0.95,96.06
2.44,82.98,7.16,1,7.17,2.68,95.14
2.45,72.17,7.58,0,6.48,0.72,84.33
3.7,87.07,5.24,1,6.96,1.67,100.0
4.17,100.0,8.39,1,5.14,2.45,100.0
2.73,69.92,4.34,1,6.46,1.93,85.37
2.66,76.6,6.13,0,4.15,2.26,75.61
3.5,82.32,6.61,0,8.58,0.93,100.0
1.64,87.86,6.05,1,4.73,2.59,67.64
3.22,74.4,6.15,1,8.26,1.39,100.0
3.55,51.67,9.81,1,5.53,1.68,100.0
3.68,93.59,5.72,1,6.4,2.24,96.83
1.06,87.61,10.0,0,5.01,2.1,84.12
2.24,62.57,7.66,1,3.97,2.02,70.94
2.12,73.92,7.14,0,2.51,1.25,66.65
3.1,95.68,7.71,1,3.89,1.7,86.04
3.48,94.48,10.0,0,5.35,2.0,100.0
4.5,89.39,5.51,0,6.42,0.62,100.0
2.51,78.24,5.32,1,8.02,1.54,91.42
2.5,80.83,5.87,0,5.11,2.39,78.34
4.15,78.69,7.05,1,4.24,0.72,98.18
3.3,91.28,4.41,0,3.11,3.16,84.53
4.27,71.24,7.03,0,6.96,3.27,97.28
3.29,71.94,9.54,1,8.77,0.75,100.0
1.84,90.1,7.23,1,8.53,3.36,95.74
1.67,79.56,6.56,0,7.42,1.86,79.84
1.45,93.78,6.07,0,7.28,2.42,87.33
3.66,73.28,8.35,1,9.4,1.5,100.0
4.19,79.45,5.76,1,6.66,2.92,91.33
4.85,70.78,9.77,1,7.29,2.41,100.0
3.84,80.07,9.9,0,5.36,1.19,99.9
4.16,65.21,7.39,1,3.28,0.83,86.6
2.42,75.12,6.98,1,4.63,0.54,87.68
1.84,65.64,8.55,0,5.98,2.19,76.83
3.85,86.94,8.64,1,6.12,2.57,100.0
3.42,87.17,5.79,1,9.85,2.65,100.0
3.11,62.7,6.21,1,6.16,1.88,86.25
3.39,93.34,5.02,1,8.36,0.84,100.0
3.32,100.0,7.61,0,5.13,1.32,96.38
4.28,80.46,8.0,1,5.38,3.15,100.0
4.29,73.59,4.98,1,3.34,1.52,85.68
3.54,100.0,6.32,1,4.52,2.14,100.0
3.85,66.81,4.98,1,7.05,0.92,100.0
3.51,80.2,5.65,1,6.02,2.34,97.15
2.54,81.8,7.83,1,7.89,1.54,99.03
3.76,93.45,5.9,0,6.36,3.05,99.32
1.61,83.6,6.55,0,5.3,2.77,61.62
4.05,75.01,4.56,0,10.0,1.5,100.0
1.81,70.49,7.28,1,5.81,1.87,80.95
3.29,76.58,6.93,1,8.33,1.45,100.0
2.15,69.93,5.91,1,5.2,0.58,65.72
3.55,80.48,6.72,0,7.42,1.14,100.0
2.97,74.36,7.27,1,7.86,2.2,97.45
1.41,65.06,5.78,0,6.42,2.33,71.69
3.42,92.55,4.79,1,1.29,2.15,75.0
2.42,75.02,9.71,1,6.04,1.7,92.38
3.88,67.32,6.05,0,8.46,2.93,100.0
3.0,78.32,6.85,0,7.05,2.06,91.17
3.4,80.68,8.52,0,6.89,2.7,100.0
2.04,62.54,10.0,0,2.56,0.23,73.66
2.41,83.32,5.13,0,4.56,0.0,84.05
2.54,69.53,7.67,0,6.82,2.28,87.97
3.86,97.11,5.94,1,6.82,0.58,100.0
4.68,85.24,6.19,0,8.43,1.79,100.0
2.19,76.0,5.92,1,5.71,1.7,77.2
4.08,72.55,5.31,1,6.81,3.59,99.69
0.83,78.95,6.94,1,6.03,2.4,74.59
1.81,86.13,4.79,1,4.03,2.17,66.17
2.04,79.75,8.42,1,1.49,2.84,67.55
1.65,77.83,7.08,0,6.86,2.37,83.1
1.42,80.58,7.63,0,6.35,1.54,69.01
3.41,73.96,6.3,0,4.76,3.07,85.02
2.79,76.57,6.45,1,2.76,0.89,74.84
3.38,59.14,7.43,0,7.26,2.32,98.41
3.69,89.74,5.25,1,5.47,0.45,100.0
3.27,82.99,6.46,1,7.11,2.2,100.0
3.66,72.27,5.71,1,9.73,2.19,100.0
2.93,98.99,5.66,1,1.72,3.68,68.99
1.81,80.87,4.0,0,4.6,0.44,75.21
4.06,69.64,9.01,0,5.58,1.4,100.0
2.41,88.57,5.97,0,8.91,2.82,98.21
2.06,83.98,8.75,0,2.73,2.34,73.85
2.82,83.95,8.6,0,9.87,2.18,100.0
2.09,75.74,5.07,1,6.27,1.04,81.85
2.58,84.5,5.37,0,5.81,1.41,80.16
3.34,77.38,10.0,1,5.6,3.25,98.15
3.35,85.56,9.63,1,5.13,1.95,100.0
2.1,60.95,6.95,1,8.1,2.38,94.46
2.51,75.66,7.39,0,3.86,1.88,80.21
4.07,97.22,6.05,1,6.69,0.82,100.0
3.5,72.33,7.65,1,5.23,2.93,85.43
5.08,73.96,5.92,0,4.48,2.5,100.0
4.18,75.52,4.0,1,10.0,4.31,100.0
4.14,67.85,5.02,1,6.84,0.98,100.0
1.61,57.92,7.03,1,7.23,2.82,82.65
3.76,77.69,5.3,0,8.28,0.69,100.0
2.95,81.36,6.9,1,3.16,2.16,76.66
2.45,79.47,5.39,1,9.5,2.98,96.02
3.17,78.55,5.83,0,0.98,0.0,71.53
3.95,80.43,8.28,0,4.46,1.8,96.67
3.5,90.23,7.37,1,5.08,1.44,100.0
2.12,78.1,6.99,0,7.16,1.3,89.89
3.74,74.26,8.32,0,6.44,2.39,100.0
2.36,77.19,7.72,0,5.67,3.12,77.31
3.22,85.79,9.17,0,5.98,1.87,100.0
2.7,94.12,6.31,0,4.04,2.21,81.81
2.78,73.72,6.36,0,3.01,2.11,70.45
3.77,80.99,5.05,0,7.45,2.0,99.58
1.96,83.38,6.36,1,7.39,0.91,86.87
4.95,70.07,8.45,0,9.17,3.11,100.0
1.18,80.2,8.95,0,4.42,2.3,71.74
2.4,65.34,8.44,0,7.39,2.39,82.13
3.37,62.31,4.31,1,5.43,1.19,90.41
3.58,83.67,8.62,0,8.38,1.54,100.0
2.9,76.16,4.24,0,8.04,1.82,95.7
2.94,82.02,8.35,1,6.42,0.47,100.0
3.41,79.82,6.45,0,5.32,0.31,97.7
2.77,70.24,8.05,1,7.92,1.4,95.2
4.39,79.55,5.0,1,7.29,2.52,100.0
3.84,67.67,8.76,0,4.63,1.35,96.55
3.87,93.91,4.8,1,3.34,0.98,89.27
2.03,66.44,6.0,0,5.42,1.19,78.69
2.92,78.04,5.5,0,9.03,1.54,95.81
2.7,69.58,4.37,1,8.29,1.65,100.0
1.99,85.7,7.14,1,3.78,4.17,63.93
3.36,76.69,9.71,0,3.66,3.05,80.26
2.46,74.81,10.0,0,8.55,3.02,100.0
3.66,88.53,7.15,1,3.73,3.17,90.71
1.93,80.29,8.68,0,7.02,1.0,93.65
4.72,85.17,7.35,0,4.77,0.78,100.0
2.1,70.19,7.75,0,9.23,0.89,98.55
3.22,65.95,6.49,1,4.46,3.33,73.58
3.79,81.07,7.29,0,8.29,1.45,100.0
2.43,76.81,7.81,0,6.37,0.75,97.93
3.85,86.26,6.13,0,6.5,1.57,100.0
1.77,79.2,6.88,1,2.06,1.76,66.55
4.45,82.05,6.91,1,1.59,2.27,93.4
3.01,63.77,8.24,1,5.56,2.25,85.85
2.4,98.88,5.4,0,6.49,1.17,92.52
2.7,78.36,6.92,1,3.75,2.69,87.91
3.81,86.98,9.87,0,3.82,1.36,100.0
2.42,71.64,8.75,1,7.12,1.84,86.86
2.25,83.08,9.02,0,7.13,2.69,94.98
2.78,66.97,7.04,1,5.72,1.36,88.5
1.82,84.52,7.48,0,7.56,1.43,96.19
4.82,76.44,8.5,0,3.65,2.59,94.9
2.43,80.29,9.34,1,5.29,1.14,87.92
3.83,86.98,4.07,0,9.3,1.62,100.0
3.21,67.67,5.03,1,6.14,2.56,84.61
2.02,73.16,8.96,1,6.25,4.05,85.21
2.99,84.57,6.58,0,10.0,2.61,100.0
3.78,100.0,5.99,0,3.2,2.47,85.3
2.81,78.62,5.12,1,7.59,2.53,85.37
4.19,85.91,6.17,1,9.33,0.93,100.0
4.02,78.93,4.9,1,5.35,2.12,100.0
3.92,99.42,10.0,0,7.72,1.97,100.0
2.54,62.53,6.97,1,4.04,2.32,71.82
1.92,80.95,6.91,0,4.63,2.12,76.36
2.39,63.74,7.88,0,6.77,2.38,92.83
3.2,54.93,8.44,1,7.6,1.69,100.0
3.55,82.97,8.42,1,8.24,2.06,100.0
0.83,81.39,8.61,0,9.14,0.77,85.21
2.99,77.15,6.05,0,5.87,1.68,83.88
3.16,78.94,6.55,0,8.39,3.39,100.0
2.72,100.0,8.15,0,5.32,2.32,89.88
4.29,77.42,6.21,1,7.8,1.98,100.0
3.42,85.1,6.99,0,6.41,3.9,91.35
4.31,73.51,7.6,1,6.89,0.64,100.0
2.78,82.95,8.18,1,6.85,0.89,96.76
3.94,77.62,4.33,1,2.79,3.71,83.95
4.64,75.89,8.07,0,3.75,2.05,100.0
4.31,98.19,6.65,0,6.21,1.76,100.0
1.91,91.77,8.06,1,2.63,0.8,78.16
2.75,81.37,8.17,1,7.66,2.45,99.02
2.65,56.96,9.41,1,7.74,2.54,100.0
3.49,76.39,9.03,1,6.65,0.91,100.0
3.69,100.0,9.02,0,3.76,1.86,99.22
2.16,77.69,9.17,1,8.76,1.66,100.0
3.07,91.03,7.44,0,10.0,2.26,100.0
0.98,94.42,7.05,0,6.29,0.88,89.08
4.44,82.19,8.31,0,7.02,3.25,100.0
2.49,71.58,8.1,0,6.4,2.92,87.47
3.06,55.65,6.54,1,7.06,1.64,92.41
2.69,86.84,7.61,0,5.76,1.78,92.44
4.15,71.85,6.95,1,5.93,1.86,99.99
0.16,81.76,5.72,0,7.81,1.22,76.07
2.98,67.5,8.94,1,10.0,1.56,100.0
2.89,77.35,7.08,1,3.2,1.73,80.05
2.55,80.34,10.0,1,5.79,3.61,92.5
4.73,82.69,4.56,1,3.64,2.95,91.55
2.11,68.85,6.16,1,9.18,2.93,95.08
3.77,91.97,7.05,0,4.82,2.37,91.46
3.36,74.03,8.71,1,3.11,0.88,83.27
4.26,63.26,7.6,0,7.28,1.96,100.0
2.33,78.91,7.47,1,9.49,2.97,100.0
2.27,80.34,5.31,0,7.33,0.74,82.43
4.1,81.61,5.26,0,6.41,2.64,100.0
3.43,93.62,7.48,0,6.82,4.32,95.71
1.46,77.64,4.95,1,8.83,3.06,83.75
2.46,78.8,6.2,0,4.25,3.41,64.97
3.39,68.97,7.75,1,5.78,2.22,90.03
3.84,88.21,5.53,1,5.09,2.97,99.29
2.32,81.84,9.41,0,3.66,1.28,81.22
0.09,75.8,8.84,0,5.34,2.8,57.68
3.52,60.95,4.64,1,8.22,2.65,97.34
1.78,94.44,5.6,1,7.13,2.29,90.58
0.98,67.72,4.0,1,7.29,3.32,68.84
0.17,74.09,5.83,1,6.29,1.46,64.26
3.81,83.58,8.15,1,7.05,1.81,100.0
3.13,68.03,6.38,1,4.4,2.1,87.01
2.77,65.06,7.69,0,5.38,0.97,88.71
4.39,58.76,4.72,1,6.38,2.23,98.46
3.64,87.21,8.2,1,6.56,0.28,100.0
4.62,74.55,6.17,0,6.64,3.05,100.0
1.61,100.0,7.02,0,5.72,2.05,87.89
2.97,70.06,6.86,0,5.25,1.48,90.68
1.38,70.79,5.09,1,10.0,1.17,88.67
2.77,74.35,5.27,0,7.81,1.77,88.89
2.75,82.43,8.45,0,6.83,2.69,91.71
3.63,75.3,7.6,1,5.53,2.55,100.0
3.05,86.12,8.58,1,5.1,1.29,89.17
3.62,70.21,7.49,1,5.74,1.15,100.0
3.7,66.18,7.21,1,6.59,2.66,100.0
5.15,62.02,4.41,0,2.24,1.28,92.15
2.68,57.76,6.59,1,2.86,2.06,68.39
2.06,74.82,6.96,0,4.73,2.12,67.5
3.25,76.99,9.93,1,6.41,2.31,97.76
2.2,73.69,8.03,0,5.52,2.86,73.27
4.48,92.43,9.3,1,8.96,0.74,100.0
2.72,92.28,7.9,1,3.04,0.09,86.64
2.43,76.65,5.93,1,4.5,1.43,73.57
2.53,62.06,7.18,0,9.04,3.8,99.41
3.72,74.33,7.35,0,6.26,4.02,86.81
2.84,74.0,5.59,0,7.77,3.83,95.89
2.36,73.43,6.42,1,10.0,1.81,100.0
4.67,73.02,6.69,0,4.61,0.22,100.0
2.14,73.47,9.41,1,5.8,0.0,89.83
3.04,76.13,4.0,1,5.46,1.39,88.03
3.65,73.64,8.81,1,2.09,1.8,76.9
1.37,82.08,5.59,0,5.38,3.3,71.05
3.48,83.6,4.94,1,7.76,2.87,100.0
1.94,70.89,8.77,0,7.08,2.23,84.93
3.82,92.71,8.1,1,7.24,1.11,100.0
2.04,70.2,8.88,1,5.25,1.04,71.94
3.69,63.82,8.2,1,4.69,2.25,85.96
4.11,83.81,10.0,0,8.54,2.7,100.0
3.86,71.83,7.84,0,5.01,2.39,91.68
3.25,83.21,6.77,1,6.59,0.97,100.0
2.77,55.96,7.51,0,6.33,2.65,86.46
2.42,93.92,8.87,0,8.92,2.43,100.0
4.47,86.72,5.83,1,7.94,0.93,100.0
2.3,65.0,6.02,1,3.41,1.22,65.09
1.96,65.21,6.54,0,3.62,2.69,52.61
3.67,96.72,4.0,1,7.16,1.77,100.0
2.2,72.63,7.21,1,5.87,3.59,90.17
2.05,71.66,4.17,0,5.09,2.5,69.23
1.56,57.34,7.08,0,8.03,1.51,76.19
2.52,76.49,8.3,1,6.37,1.99,97.44
2.92,77.72,6.28,0,6.1,2.06,88.85
3.24,87.15,9.52,0,7.56,1.27,100.0
3.95,66.01,4.81,1,5.25,1.09,98.39
3.53,64.8,8.79,1,9.14,2.7,100.0
2.81,84.51,8.01,1,4.42,2.85,79.12
2.8,90.07,4.43,1,7.31,2.6,93.02
3.51,64.29,10.0,0,8.87,3.52,100.0
4.27,90.82,6.9,0,3.25,1.46,98.18
3.13,80.38,5.68,1,5.31,3.67,85.6
2.53,90.92,4.89,1,8.28,1.1,100.0
2.01,79.3,6.67,1,8.31,0.99,96.0
1.55,54.78,6.81,1,5.66,0.24,76.06
3.67,78.48,7.15,0,4.53,1.55,75.63
3.58,90.6,6.55,0,7.91,1.5,100.0
3.58,71.06,7.95,1,8.37,2.53,100.0
2.87,76.12,6.42,1,3.67,2.24,76.06
4.41,78.24,4.1,0,3.59,0.81,88.94
2.52,51.0,6.78,0,6.45,1.61,76.24
3.96,96.71,4.0,0,7.26,1.63,100.0
2.96,70.99,7.53,0,5.4,0.22,95.05
2.39,85.06,5.53,1,7.36,1.02,100.0
3.59,79.13,7.25,0,4.58,1.23,84.74
3.41,92.58,8.97,0,1.77,3.43,77.56
3.36,84.06,5.58,0,5.15,2.19,87.73
3.08,77.65,8.59,1,6.13,2.66,94.53
2.96,71.06,6.35,1,5.45,0.5,88.3
5.39,87.98,9.63,0,3.68,3.19,100.0
4.18,61.27,6.45,0,2.37,3.3,79.32
3.72,86.46,5.74,1,4.97,0.0,91.93
3.11,69.01,8.03,1,7.8,1.29,100.0
4.01,92.52,6.35,0,8.51,2.5,100.0
3.52,81.61,5.74,1,8.38,2.64,100.0
3.03,86.44,6.28,0,4.37,1.32,91.17
2.7,80.82,6.93,1,3.69,1.69,73.2
2.92,62.48,9.01,0,6.99,1.4,93.4
0.0,71.39,4.1,0,7.27,2.11,59.03
3.21,86.72,7.03,1,6.8,3.2,100.0
2.51,81.67,7.94,0,1.97,1.23,71.43
4.59,91.81,7.29,1,4.27,3.0,100.0
3.02,84.03,8.96,1,5.94,1.22,98.43
1.81,70.33,6.89,1,6.97,1.15,88.84
2.95,72.04,6.72,0,7.53,2.82,100.0
1.95,81.03,7.89,0,6.29,2.92,87.28
3.47,56.86,7.15,0,6.66,2.85,90.44
3.29,96.73,6.41,1,6.17,0.68,100.0
3.96,84.42,7.77,0,7.37,1.53,100.0
2.21,92.27,6.02,0,6.63,2.82,89.01
3.03,64.19,6.08,0,6.13,2.04,91.86
1.63,92.45,6.21,0,5.46,0.93,86.56
3.7,100.0,9.03,1,6.16,2.46,100.0
3.52,66.79,4.0,0,6.97,1.29,97.43
3.5,87.71,7.59,1,6.53,3.79,97.83
3.0,80.01,7.05,1,6.76,3.54,88.68
3.41,64.56,4.48,1,8.69,2.6,98.74
4.6,84.93,7.46,1,6.53,3.36,100.0
2.71,88.34,7.71,0,4.7,2.06,78.08
3.14,73.99,7.88,0,7.77,2.77,100.0
1.91,91.66,4.0,0,3.27,3.48,46.7
2.13,63.33,9.05,1,3.84,2.25,86.44
3.1,65.05,5.89,0,6.67,1.74,97.91
4.1,81.37,8.03,1,7.03,0.3,100.0
2.74,80.25,8.11,0,3.51,1.92,79.58
2.76,72.83,5.68,0,5.23,2.82,80.08
2.59,88.1,7.99,0,4.79,2.95,80.5
2.47,85.31,6.42,1,5.03,2.5,83.67
3.29,88.58,4.0,0,7.89,1.46,100.0
1.5,78.77,8.75,1,7.41,0.02,94.69
4.28,86.03,5.84,1,5.96,1.5,100.0
2.33,75.54,5.72,1,4.91,1.7,72.33
3.72,100.0,6.4,0,3.3,1.69,91.65
1.73,71.87,7.41,0,8.84,2.62,90.84
3.67,100.0,6.91,1,7.18,3.99,100.0
3.67,80.35,7.82,1,4.59,2.12,93.95
3.38,66.24,4.99,1,7.44,1.78,100.0
2.01,93.68,5.89,1,5.86,1.74,84.24
3.25,81.26,6.83,1,5.43,2.12,94.42
1.82,88.51,9.85,0,6.87,1.17,100.0
2.75,92.24,6.83,0,4.52,2.12,84.63
4.03,83.38,8.63,0,5.31,2.45,100.0
3.8,74.08,7.06,1,6.24,2.21,100.0
3.02,89.76,6.27,1,5.0,2.46,95.45
2.03,80.01,6.63,0,7.34,2.43,85.62
3.65,86.86,6.75,0,9.74,0.23,100.0
3.02,58.46,7.91,1,4.49,2.64,79.57
0.68,84.47,9.06,1,2.67,1.33,57.33
3.78,73.61,7.54,1,2.0,0.9,87.66
2.98,96.53,8.78,0,5.7,0.9,100.0
4.2,86.23,5.55,1,4.67,2.43,100.0
1.9,82.4,6.38,1,6.42,1.78,71.62
0.0,84.86,5.91,1,6.27,0.32,69.68
3.28,70.02,7.47,0,2.79,2.48,72.97
3.29,96.23,6.46,1,2.37,0.56,81.56
1.31,99.91,8.09,0,6.59,2.14,83.03
2.02,83.93,5.6,1,6.27,2.24,80.37
5.76,95.9,7.06,1,5.15,2.89,100.0
2.69,74.31,8.03,0,2.69,3.78,60.54
3.73,72.03,4.0,1,6.94,0.64,100.0
2.35,80.41,10.0,0,8.54,1.95,100.0
0.91,84.35,6.58,1,6.56,1.72,78.57
2.83,76.06,4.0,0,4.31,2.43,77.38
2.73,85.38,7.24,1,6.09,2.22,98.7
2.6,83.06,7.05,0,3.27,1.65,82.6
2.89,70.02,6.88,0,8.12,1.56,100.0
3.26,85.19,8.49,1,6.16,0.88,100.0
2.85,88.64,8.12,0,2.46,2.99,71.09
1.74,81.71,7.45,1,5.4,2.46,82.3
3.49,91.53,7.68,0,6.93,2.92,100.0
1.05,67.83,6.84,1,5.33,1.69,72.02
0.95,84.68,9.66,1,5.45,1.34,88.88
3.74,68.3,4.78,1,3.55,0.92,84.49
3.51,68.86,7.21,1,7.13,2.36,100.0
2.94,73.69,7.1,0,4.7,0.96,81.46
1.6,70.58,8.22,1,1.69,3.85,63.23
2.29,74.52,5.73,1,5.26,0.69,81.27
2.74,77.86,4.38,1,7.96,2.27,92.95
1.4,88.37,7.24,1,5.23,3.57,70.72
2.26,76.79,7.42,1,9.48,2.6,98.85
3.65,64.14,9.23,0,6.86,2.18,98.35
4.43,91.4,5.09,1,6.68,1.03,100.0
2.58,71.63,8.73,0,5.74,0.62,84.79
3.76,79.41,10.0,0,5.86,2.77,98.47
1.09,84.47,6.43,1,5.47,3.51,77.66
3.66,82.0,5.06,1,5.4,1.56,99.29
2.2,90.94,6.39,0,7.06,0.86,99.38
3.31,84.79,7.02,0,4.13,0.0,99.08
2.75,71.39,7.85,0,3.85,1.02,89.98
4.32,100.0,6.11,1,3.75,1.89,91.68
2.13,81.94,9.33,0,10.0,3.6,97.56
3.63,78.53,5.33,0,7.06,2.67,93.76
2.72,89.64,4.39,1,6.61,2.31,88.66
2.84,82.49,8.66,0,3.88,1.6,83.61
2.82,83.99,4.0,1,7.25,1.42,93.11
2.15,100.0,6.69,0,5.77,3.41,84.64
2.99,77.25,10.0,1,6.43,2.2,100.0
2.94,76.82,6.98,0,4.05,0.0,83.0
3.24,81.17,5.32,1,6.32,1.33,86.15
3.08,90.72,6.91,1,5.15,1.14,91.26
3.8,64.93,6.92,0,4.47,1.45,86.54
3.92,60.34,7.24,1,7.47,2.56,100.0
1.95,74.13,7.99,0,2.92,1.89,61.02
3.87,63.66,5.44,1,7.13,1.92,98.09
1.81,75.75,9.53,1,7.37,3.31,83.17
3.59,85.02,7.37,1,4.24,1.3,94.79
3.62,71.09,8.09,1,4.36,3.86,80.54
1.09,65.73,6.06,1,5.55,1.33,64.26
3.09,80.69,8.93,1,6.56,2.09,95.01
2.53,88.63,6.61,1,5.69,1.72,89.68
2.24,63.05,7.42,0,6.87,2.12,79.79
4.35,88.2,5.6,0,9.53,2.44,100.0
2.35,88.17,5.5,1,4.98,2.43,82.57
2.19,89.54,8.03,1,2.57,1.25,75.62
3.08,92.18,6.33,1,7.65,0.88,100.0
3.69,100.0,5.72,0,9.37,4.5,100.0
2.86,76.44,6.04,1,6.79,1.52,98.42
4.17,81.1,8.05,0,3.82,2.7,93.83
3.53,75.84,6.06,1,5.75,0.39,100.0
0.82,80.02,6.82,1,3.76,1.72,63.82
2.47,95.33,7.02,1,7.29,1.87,100.0
2.44,66.55,4.12,1,3.3,2.47,64.33
3.48,71.39,4.79,1,5.4,0.0,98.17
0.38,93.77,7.5,0,3.99,2.17,56.37
5.55,90.2,5.89,1,6.25,0.85,100.0
3.53,76.37,8.59,0,5.27,2.32,96.5
3.15,88.54,8.45,0,6.35,0.96,100.0
4.18,83.41,8.08,1,6.04,1.14,100.0
5.34,95.0,9.73,1,4.03,1.73,100.0
3.87,80.75,6.88,1,7.25,0.95,100.0
3.95,90.26,7.97,0,5.9,1.52,100.0
3.13,100.0,6.12,0,4.02,0.81,92.4
2.86,85.98,10.0,0,10.0,0.17,100.0
2.52,80.49,9.98,1,6.95,3.02,100.0
2.17,87.22,7.02,0,5.69,0.7,90.88
2.31,76.35,7.58,0,8.83,1.82,99.49
1.65,100.0,9.04,0,9.68,2.75,100.0
2.92,81.8,6.78,1,5.71,1.39,91.33
1.32,77.27,6.02,0,6.69,1.17,78.46
3.19,71.64,8.31,0,4.02,2.23,84.03
2.96,90.97,7.12,1,5.71,3.12,90.05
3.15,88.67,7.27,1,5.6,0.83,98.77
2.48,75.03,5.75,1,6.37,1.85,93.8
6.0,85.76,4.42,0,6.67,0.27,100.0
4.36,64.91,7.35,0,7.12,1.61,100.0
1.76,81.85,8.36,0,6.48,2.03,78.39
3.23,84.53,6.66,1,3.58,1.15,90.16
2.39,97.07,9.15,0,4.12,1.54,95.11
1.99,72.29,5.94,1,4.91,0.59,85.04
1.66,67.22,5.42,1,5.44,2.08,74.22
3.43,71.05,6.9,0,8.1,3.06,100.0
2.32,66.63,6.88,0,3.67,0.9,72.86
3.97,93.37,8.15,0,5.29,1.38,100.0
3.99,95.49,5.84,1,7.91,2.5,100.0
4.37,83.2,9.05,1,5.4,3.21,100.0
2.15,92.21,9.95,0,6.92,0.51,100.0
3.48,81.34,6.94,1,5.72,1.83,95.2
3.63,79.05,8.87,0,6.51,2.28,99.2
2.53,76.67,5.42,0,5.54,1.9,81.6
2.23,76.9,8.61,0,7.33,0.0,98.11
4.61,64.52,8.57,1,2.91,2.5,94.89
3.23,82.64,8.3,1,5.27,3.52,89.2
3.64,79.6,6.98,0,6.59,2.12,100.0
2.18,87.45,4.0,0,7.07,0.97,82.0
1.78,80.94,6.04,1,8.99,1.49,100.0
2.43,78.37,6.06,0,5.22,3.77,70.9
2.88,71.29,5.53,1,8.96,2.91,90.3
1.94,80.72,7.18,0,4.68,2.64,74.62
2.99,87.38,6.37,1,8.66,2.36,100.0
1.31,68.57,5.76,0,7.63,1.34,73.82
1.88,80.87,5.41,1,4.17,1.8,62.95
3.67,82.33,5.93,0,6.61,1.92,100.0
3.6,72.82,8.68,1,5.9,2.55,100.0
2.61,74.12,6.01,1,7.25,3.51,90.99
1.98,82.31,6.23,1,5.55,3.12,77.67
1.97,68.67,6.31,1,5.39,0.58,82.54
2.63,83.5,7.51,0,8.74,2.22,100.0
3.64,71.05,7.68,1,5.8,2.74,88.78
3.93,90.63,4.0,1,7.65,2.62,99.77
2.5,100.0,8.53,0,5.55,1.37,94.72
1.85,71.39,9.15,1,9.33,4.91,91.31
3.27,85.34,5.42,0,4.64,0.72,94.43
2.18,72.73,5.54,1,4.77,0.92,81.56
2.48,90.41,6.32,1,9.05,2.23,100.0
4.33,67.35,5.87,1,5.11,4.12,88.99
3.83,84.81,7.34,1,9.2,1.16,100.0
3.16,71.27,4.08,1,7.78,1.73,98.9
1.73,77.93,5.32,1,5.69,3.08,75.15
3.21,69.69,9.31,0,2.37,1.98,65.62
4.06,88.22,5.61,0,5.96,1.67,98.95
2.62,71.63,8.87,1,6.2,2.57,87.33
4.35,85.52,7.53,1,8.33,2.27,100.0
4.29,76.56,4.29,0,9.18,3.03,100.0
4.66,78.86,7.95,0,4.63,3.29,99.28
3.31,81.48,6.82,1,7.6,2.31,100.0
3.59,72.38,6.32,1,7.53,2.29,100.0
4.41,82.1,7.37,1,8.15,2.21,100.0
3.45,95.3,7.71,1,7.0,2.49,100.0
2.5,72.22,8.06,1,2.12,2.06,63.78
2.55,91.72,8.77,1,5.69,2.0,96.91
3.24,94.98,7.61,0,3.69,3.2,87.81
1.71,71.84,4.94,1,5.59,3.52,64.09
2.86,65.45,6.29,1,7.96,0.49,100.0
4.1,83.02,10.0,0,6.61,2.01,100.0
0.81,74.53,8.09,0,8.3,1.31,91.82
4.53,98.69,10.0,0,6.68,1.69,100.0
4.12,80.35,9.09,0,3.4,2.4,83.19
2.54,71.98,7.36,1,0.96,2.67,62.52
3.54,68.53,7.45,0,6.3,1.89,97.96
3.0,90.9,6.95,0,5.57,0.09,98.96
4.23,74.29,4.39,1,4.05,1.03,89.29
3.98,80.44,7.03,0,2.6,2.9,82.14
1.6,89.56,8.82,0,4.53,0.0,80.59
3.59,75.16,6.1,1,5.61,3.19,89.6
2.79,79.54,7.62,1,7.33,2.52,100.0
3.08,79.83,8.28,1,6.38,3.32,96.19
2.27,86.83,5.64,1,9.22,1.8,100.0
4.75,85.91,6.32,1,3.93,0.0,100.0
4.04,77.8,5.47,1,7.76,2.43,100.0
2.26,80.64,5.77,1,6.09,3.27,75.21
1.67,76.28,5.07,0,7.39,2.92,76.0
2.61,65.22,5.65,0,5.13,1.34,62.03
3.43,82.58,9.13,1,8.14,2.09,100.0
3.24,98.92,5.63,0,6.59,1.47,100.0
4.25,71.16,7.19,1,4.64,1.18,100.0
3.79,72.27,6.25,0,5.98,2.96,91.74
3.97,71.29,8.77,1,5.52,0.8,100.0
3.33,87.25,8.97,0,6.98,1.11,98.05
1.61,84.48,8.3,1,3.64,0.9,75.27
2.8,78.41,7.46,0,5.94,0.51,86.27
4.06,70.82,6.65,1,6.79,2.15,98.63
2.95,80.92,5.21,0,6.07,3.16,84.1
3.5,64.35,9.92,0,8.69,1.82,100.0
2.68,81.43,5.86,1,7.55,0.49,100.0
1.97,88.72,8.0,0,5.99,2.84,83.8
2.88,67.49,8.59,0,6.43,3.69,87.2
3.31,64.67,6.17,0,6.59,1.35,90.15
2.34,95.79,8.56,0,6.81,1.52,96.04
2.76,73.88,8.15,0,2.35,2.52,72.43
2.06,91.36,9.59,1,5.4,3.62,78.39
4.12,78.46,6.3,1,3.03,1.48,93.0
2.71,78.38,5.07,0,8.56,0.67,99.55
4.45,84.38,6.24,1,5.88,2.63,100.0
4.53,71.16,7.31,0,5.61,2.8,100.0
2.92,81.32,7.09,1,7.79,2.01,94.35
1.99,76.19,6.41,0,6.84,1.44,82.58
0.91,66.8,4.14,0,3.74,2.99,42.9
1.53,83.37,7.71,0,5.86,2.53,68.35
1.63,77.37,9.96,0,5.33,1.23,77.18
4.38,78.43,7.7,1,2.51,2.05,100.0
3.12,67.9,7.91,1,4.62,0.65,93.56
3.39,95.91,7.86,1,5.63,2.69,100.0
0.78,88.77,7.6,0,5.77,1.74,77.4
1.8,89.64,8.4,1,3.04,1.56,70.48
3.89,76.95,7.59,1,8.3,1.97,100.0
3.29,62.71,6.53,0,5.8,2.04,90.54
2.85,99.53,5.81,0,6.08,2.89,93.88
3.56,79.39,6.63,0,6.8,2.59,96.06
4.64,72.51,7.47,1,4.42,1.84,94.09
2.78,84.17,6.53,1,6.91,2.76,100.0
3.07,91.67,7.47,0,5.27,2.4,91.56
3.19,79.77,7.66,1,4.21,1.57,87.86
5.39,92.79,8.25,0,7.15,1.88,100.0
0.9,90.83,8.92,1,8.98,1.85,94.25
3.68,69.24,7.12,0,7.45,2.51,100.0
2.89,73.26,5.04,1,7.85,1.63,100.0
3.57,89.58,6.48,1,4.96,1.61,96.85
2.34,52.87,7.07,1,2.8,3.97,51.72
2.95,78.51,4.25,0,8.98,2.94,96.83
3.71,65.69,9.08,0,10.0,1.24,100.0
6.0,75.23,7.21,0,9.09,2.57,100.0
3.81,77.01,7.57,1,5.33,2.12,100.0
2.15,76.42,9.05,0,3.69,2.39,74.36
2.58,74.48,6.05,1,3.87,2.14,68.75
2.55,69.03,7.86,0,2.63,3.19,59.36
1.2,100.0,6.84,0,5.79,2.35,77.68
2.67,98.67,6.72,1,9.21,1.94,100.0
3.73,68.38,5.84,1,5.72,3.04,89.11
1.73,95.82,9.5,0,6.6,2.23,88.92
4.05,76.01,6.44,0,8.75,2.12,100.0
3.49,81.29,8.05,1,5.19,2.31,96.26
2.27,79.37,4.19,1,10.0,1.91,89.21
2.86,73.4,8.77,0,9.98,2.01,100.0
4.6,89.84,8.58,1,5.74,1.41,100.0
3.73,81.26,7.15,0,4.84,1.25,100.0
3.01,75.23,6.66,0,7.39,1.0,95.88
2.76,66.95,7.6,0,5.3,0.61,88.51
3.08,71.06,10.0,1,3.69,1.12,90.29
2.49,63.59,4.36,0,8.56,1.83,96.49
0.9,80.12,8.17,0,8.43,2.1,91.5
5.04,68.03,5.63,1,6.31,1.73,100.0
3.16,77.34,6.97,1,3.47,0.0,85.69
3.4,93.7,6.63,1,3.54,3.57,81.01
2.94,91.99,6.36,0,6.21,3.09,90.34
2.26,79.68,6.98,1,5.0,2.45,78.01
2.81,79.13,5.3,1,5.32,3.91,82.11
1.4,98.8,8.54,0,8.04,1.02,99.99
5.28,85.21,4.31,0,7.47,3.89,100.0
1.77,76.72,7.81,0,8.76,1.03,100.0
1.97,65.74,6.51,0,4.02,2.24,75.11
2.56,83.94,5.24,1,5.31,0.73,88.28
